{
  "train_loss": [
    25.052951229074612,
    19.173052193688566,
    14.55251241902836,
    11.834055462821585,
    10.421278583547457,
    9.00201639842466,
    8.126622179166867,
    7.660141025084616,
    7.243807391390774,
    6.984932659753685,
    6.8697287736694665,
    6.840118124185364,
    6.787619085259776,
    6.706922424295561,
    6.639618743312814,
    6.5936812155885125,
    6.146599925932337,
    6.04417966884342,
    5.320228950573447,
    5.439651207845719,
    3.754136028836985,
    3.0356660312642165,
    2.5794496500426956,
    2.354415892903271,
    2.292036708912563,
    2.2262751818354665,
    2.0145674364162924,
    1.7610370292038213,
    1.983873610613776,
    1.6962481658966815,
    1.6075468141524518,
    1.6452741306987617,
    1.5674844174111475,
    1.5112454415670509,
    1.5109514734132694,
    1.4216368520846132,
    1.359031233142634,
    1.3003535661541048,
    1.3321218990563044,
    1.3711819860453163,
    1.2567980507683885,
    1.151317122855473,
    1.212991516609661,
    1.2232857888025013,
    1.1822540532044374,
    1.1068857524727211,
    1.105686482347426,
    1.0603642276401728,
    1.1577354752626576,
    1.0505215212132761,
    1.0487808346585499,
    0.9952353398656585,
    1.0386180753102068,
    1.005106485769397,
    1.1007759219310322,
    1.0380363581610508,
    1.0390579336490788,
    0.9081509615717038,
    0.9077824973832063,
    0.8577396559422134,
    0.83370568933057,
    0.8402032589977556,
    0.8594692204493642,
    0.8387711020441003,
    0.9452755858337945,
    0.8871776771838548,
    0.8790110159522849,
    0.8950118517370823,
    0.7823352925275844,
    0.8371710480888033,
    0.802870659636018,
    0.7686003297567368,
    0.7828650347522048,
    0.7707551713279688,
    0.7471737417041279,
    0.7373834798733393,
    0.6817447325733842,
    0.7736432527909514,
    0.7318637685371878,
    0.7439358345960658,
    0.7713233489807838,
    0.6976186515040737,
    0.6968832087239932,
    0.6067049263930712,
    0.7193699908223959,
    0.630974503447775,
    0.7124406911962019,
    0.6000829786062241,
    0.6329948838209846,
    0.6883278629778187,
    0.6224429477922252,
    0.6380144983855753,
    0.6238052923171247,
    0.5941888733965451,
    0.6393795120097249,
    0.6239646925219421,
    0.6355673556363648,
    0.5551591519612432,
    0.5178064045196022,
    0.6062651504177213
  ],
  "val_metrics": [
    {
      "epoch": 1,
      "loss": 8.107628858268384,
      "acc_single": 0.024154589371980676,
      "acc_empty": 1.0,
      "mIoU": 0.007905818521976471,
      "mF1": 0.11235424131155014,
      "per_class_iou": [
        0.05568011477589607,
        0.0002355251635890454,
        0.00289355986751616,
        0.008017931133508682,
        0.005544955842196941,
        0.006251683458685875,
        0.0033475130330771208,
        0.006684998981654644,
        0.0004969947040081024,
        0.0031705573201179504,
        0.007786584086716175,
        0.0018896313849836588,
        0.0021412859205156565,
        0.01050352118909359,
        0.007978237234055996,
        0.006614232435822487,
        0.004077493213117123,
        0.007487722206860781,
        0.006275796797126532,
        0.01361543033272028,
        0.005328410305082798
      ]
    },
    {
      "epoch": 5,
      "loss": 7.775983226754856,
      "acc_single": 0.028985507246376812,
      "acc_empty": 1.0,
      "mIoU": 0.014371582306921482,
      "mF1": 0.11361229419708252,
      "per_class_iou": [
        0.2206307351589203,
        0.0005343612865544856,
        3.4014126413239865e-06,
        1.7315467630396597e-05,
        0.0054698847234249115,
        0.0,
        0.0,
        0.0,
        0.0,
        0.003512867260724306,
        0.01015670970082283,
        0.0,
        0.0,
        0.0,
        0.010492753237485886,
        0.03739100322127342,
        0.0,
        0.006995213218033314,
        0.006597487721592188,
        1.5074450629981584e-06,
        0.0
      ]
    },
    {
      "epoch": 10,
      "loss": 2.62221774967674,
      "acc_single": 0.8184955141476881,
      "acc_empty": 1.0,
      "mIoU": 0.3329279124736786,
      "mF1": 0.5012623071670532,
      "per_class_iou": [
        0.8834874629974365,
        0.31928983330726624,
        0.0,
        0.3844704031944275,
        0.0023636913392692804,
        2.0370160200400278e-05,
        0.7729319930076599,
        0.7437199950218201,
        0.6569011211395264,
        0.00016893187421374023,
        0.4550842046737671,
        0.00012161413906142116,
        0.49930936098098755,
        0.05678388476371765,
        0.6571434736251831,
        0.5518126487731934,
        0.00011624441685853526,
        0.2268814742565155,
        0.04630798473954201,
        0.7179568409919739,
        0.01661478355526924
      ]
    },
    {
      "epoch": 15,
      "loss": 2.374438060109495,
      "acc_single": 0.8695652173913043,
      "acc_empty": 1.0,
      "mIoU": 0.32803818583488464,
      "mF1": 0.604587197303772,
      "per_class_iou": [
        0.8693349957466125,
        0.18550747632980347,
        0.0,
        0.17381039261817932,
        0.0025509262923151255,
        0.0,
        0.7309600710868835,
        0.7065659761428833,
        0.8487980961799622,
        0.0014378216583281755,
        0.4308495819568634,
        0.0,
        0.573173463344574,
        0.2122054100036621,
        0.6390752196311951,
        0.6812441945075989,
        1.532324131403584e-05,
        0.03567396476864815,
        0.11254997551441193,
        0.6850486397743225,
        0.0
      ]
    },
    {
      "epoch": 20,
      "loss": 2.3025666405237937,
      "acc_single": 0.8875086266390614,
      "acc_empty": 1.0,
      "mIoU": 0.09346017986536026,
      "mF1": 0.6706677675247192,
      "per_class_iou": [
        0.768665611743927,
        0.0,
        0.0,
        0.0,
        0.0,
        0.0,
        0.23360727727413177,
        0.06754341721534729,
        0.10778474807739258,
        0.0,
        0.0004299197462387383,
        0.0,
        0.020444834604859352,
        0.11097820848226547,
        0.0,
        0.6413760185241699,
        0.0,
        0.0,
        0.0017971181077882648,
        0.010036601684987545,
        0.0
      ]
    },
    {
      "epoch": 25,
      "loss": 2.0317605447938076,
      "acc_single": 0.8923395445134575,
      "acc_empty": 1.0,
      "mIoU": 0.26967769861221313,
      "mF1": 0.7065891623497009,
      "per_class_iou": [
        0.8446270227432251,
        0.0,
        0.0,
        0.44262707233428955,
        0.0,
        0.0,
        0.7204725742340088,
        0.49995875358581543,
        0.7386264801025391,
        0.0,
        0.0007584497798234224,
        0.0007701092399656773,
        0.3169783651828766,
        0.2870924472808838,
        0.5488165020942688,
        0.6070784330368042,
        0.0,
        0.0,
        0.011655676178634167,
        0.6437696218490601,
        0.0
      ]
    },
    {
      "epoch": 30,
      "loss": 1.7921991703043298,
      "acc_single": 0.8923395445134575,
      "acc_empty": 1.0,
      "mIoU": 0.5996951460838318,
      "mF1": 0.7469305396080017,
      "per_class_iou": [
        0.910058856010437,
        0.784554123878479,
        0.0,
        0.8797428607940674,
        0.26977747678756714,
        0.3932512402534485,
        0.8349097967147827,
        0.7816864848136902,
        0.8372265696525574,
        0.04217688366770744,
        0.8260881304740906,
        0.5023537278175354,
        0.7915859222412109,
        0.84287428855896,
        0.8030427694320679,
        0.8036448955535889,
        0.17736545205116272,
        0.8667430281639099,
        0.33323633670806885,
        0.8315639495849609,
        0.0817142128944397
      ]
    },
    {
      "epoch": 35,
      "loss": 1.6458337914357393,
      "acc_single": 0.8951000690131125,
      "acc_empty": 1.0,
      "mIoU": 0.6988936066627502,
      "mF1": 0.7691830396652222,